risk_rank,layer,head,count,mean,max,sum
1,43,17,40.0,0.8711527615785599,1.377713918685913,34.846110463142395
2,30,13,30.0,0.8369396328926086,1.0575485229492188,25.10818898677826
3,21,23,62.0,0.2592270105115829,0.5323066711425781,16.07207465171814
4,12,8,31.0,0.3384463440987371,0.5551788806915283,10.49183666706085
5,25,19,53.0,0.1591079639938642,0.2590526342391968,8.432722091674803
6,11,16,44.0,0.18965993821620938,0.5972503423690796,8.345037281513212
7,14,7,26.0,0.31341223991834194,0.6021168231964111,8.14871823787689
8,13,3,57.0,0.1276658229660569,0.1978636980056762,7.276951909065245
9,18,13,49.0,0.146356818627338,0.2555838823318481,7.171484112739561
10,38,10,52.0,0.12931709908522088,0.2551072835922241,6.724489152431485
11,34,15,64.0,0.10373243875801559,0.1776890754699707,6.638876080512998
12,41,22,64.0,0.09099362604320045,0.1136413812637329,5.823592066764829
13,16,16,57.0,0.10211614244862602,0.1656622886657714,5.820620119571683
14,39,2,42.0,0.13429485332398183,0.5791633129119873,5.640383839607237
15,14,22,27.0,0.20728525850507945,0.3807839155197143,5.596701979637145
16,48,5,7.0,0.7854606849806649,0.9745347499847412,5.4982247948646545
17,19,13,25.0,0.1912329816818237,0.3442232608795166,4.780824542045592
18,17,15,54.0,0.08690619689446903,0.1297659873962402,4.692934632301328
19,31,13,29.0,0.1606455383629634,0.2899564504623413,4.658720612525939
20,28,1,61.0,0.07622142502518947,0.1326873302459716,4.649506926536557
21,12,16,27.0,0.16282967284873676,0.2834862470626831,4.396401166915893
22,23,15,21.0,0.19684569608597524,0.3631031513214111,4.13375961780548
23,10,18,29.0,0.13816358303201606,0.2463135123252868,4.006743907928466
24,36,4,42.0,0.08691105814207163,0.2899425029754638,3.6502644419670087
25,27,4,13.0,0.2535601533376253,0.3366186022758484,3.296281993389129
26,24,16,33.0,0.09437510822758526,0.1734158992767334,3.1143785715103136
27,40,2,45.0,0.06690935161378644,0.2457340359687805,3.01092082262039
28,23,21,16.0,0.18218025192618367,0.2440511584281921,2.9148840308189388
29,35,4,60.0,0.0481297264496485,0.2117104530334472,2.8877835869789097
30,9,19,27.0,0.10629295640521576,0.1904335021972656,2.8699098229408255
31,12,5,5.0,0.5677043676376343,0.8591206073760986,2.8385218381881714
32,15,21,49.0,0.057474701988453725,0.1015821695327758,2.8162603974342324
33,33,19,49.0,0.05417804328762751,0.1756224632263183,2.654724121093748
34,23,22,15.0,0.1666348775227864,0.2835568189620971,2.499523162841796
35,5,12,35.0,0.0575055735451834,0.282264769077301,2.012695074081419
36,9,0,28.0,0.0701418327433722,0.2482193708419799,1.9639713168144215
37,8,10,3.0,0.6070104042689005,0.6935900449752808,1.8210312128067017
38,14,2,10.0,0.17627545595169064,0.231373906135559,1.7627545595169063
39,30,10,24.0,0.07270560165246323,0.1323760747909546,1.7449344396591175
40,22,6,14.0,0.12003411991255619,0.2062996625900268,1.6804776787757867
41,26,2,50.0,0.032588477134704544,0.0470273494720459,1.629423856735227
42,53,23,10.0,0.15800638198852537,0.2617108821868896,1.5800638198852537
43,23,17,10.0,0.15740162134170527,0.2409472465515136,1.5740162134170528
44,8,17,45.0,0.033883941173553415,0.2041465640068054,1.5247773528099038
45,37,23,39.0,0.037105693266941894,0.1085581183433532,1.4471220374107339
46,29,21,42.0,0.033277324267796074,0.0675269365310669,1.397647619247435
47,6,12,5.0,0.27165419459342954,0.4568800032138824,1.3582709729671478
48,7,12,27.0,0.05012504701261162,0.1413717269897461,1.3533762693405138
49,26,0,12.0,0.110777606566747,0.1579195261001587,1.329331278800964
50,31,22,17.0,0.07576637408312627,0.1085742712020874,1.2880283594131465
51,6,3,21.0,0.06038410039175119,0.1054083704948425,1.268066108226775
52,24,19,19.0,0.0642908937052676,0.0948755741119384,1.2215269804000843
53,24,9,9.0,0.13469927840762663,0.1557631492614746,1.2122935056686397
54,43,23,24.0,0.04875927666823065,0.0599365234375,1.1702226400375355
55,22,9,16.0,0.07045318186283106,0.0902595520019531,1.127250909805297
56,20,19,12.0,0.09362283349037166,0.1423732042312622,1.12347400188446
57,45,3,12.0,0.08634388446807856,0.1540486216545105,1.0361266136169427
58,39,3,6.0,0.17048895359039304,0.3702298402786255,1.0229337215423582
59,53,13,22.0,0.04559127850966015,0.1329032182693481,1.0030081272125233
60,37,19,19.0,0.05142405786012343,0.1283740401268005,0.9770570993423452
61,27,20,46.0,0.02110267203787094,0.0348463058471679,0.9707229137420631
62,3,14,34.0,0.02839334046139432,0.0801039934158325,0.9653735756874069
63,38,1,3.0,0.3204176028569539,0.3721177577972412,0.9612528085708618
64,49,13,17.0,0.05636047966340004,0.0821024179458618,0.9581281542778007
65,22,0,29.0,0.032281809839709005,0.0779495239257812,0.9361724853515611
66,32,13,24.0,0.03762954970200851,0.0529201626777648,0.9031091928482043
67,19,1,11.0,0.08102331378243183,0.2242717742919922,0.89125645160675
68,5,13,9.0,0.09716092877917815,0.155112624168396,0.8744483590126033
69,40,6,11.0,0.077985481782393,0.1147064566612243,0.857840299606323
70,20,7,7.0,0.11689463683537069,0.137019395828247,0.8182624578475948
71,25,20,3.0,0.26383771498998004,0.3563045859336853,0.7915131449699401
72,50,6,63.0,0.012491543141622345,0.0269594192504882,0.7869672179222077
73,29,1,14.0,0.056103561605725924,0.0914734601974487,0.7854498624801629
74,19,9,7.0,0.11037416117531909,0.3644888401031494,0.7726191282272337
75,52,0,51.0,0.014994546478869825,0.0197604894638061,0.7647218704223611
76,31,7,7.0,0.10656668458666116,0.1874313950538635,0.7459667921066281
77,42,12,44.0,0.01653865250674156,0.0389231443405151,0.7277007102966286
78,3,11,3.0,0.24103240172068277,0.3975279927253723,0.7230972051620483
79,20,3,4.0,0.17573213577270505,0.2508256435394287,0.7029285430908202
80,19,19,10.0,0.07011238336563105,0.1478455066680908,0.7011238336563106
81,10,4,7.0,0.09935429266520904,0.1901032328605651,0.6954800486564633
82,55,0,62.0,0.011056226107381956,0.0146741867065429,0.6854860186576813
83,56,21,58.0,0.011552620550681757,0.0172851085662841,0.6700519919395419
84,27,22,2.0,0.33147332072257996,0.532646894454956,0.6629466414451599
85,10,22,8.0,0.08259983360767362,0.1351698637008667,0.6607986688613889
86,44,13,58.0,0.0109353373790609,0.02642023563385,0.6342495679855322
87,33,0,9.0,0.06960701280170009,0.151335597038269,0.6264631152153008
88,17,1,10.0,0.05997506380081173,0.0932470560073852,0.5997506380081173
89,2,5,5.0,0.11874144077301022,0.2322783470153808,0.593707203865051
90,54,7,22.0,0.02678372101350258,0.0354933738708496,0.5892418622970568
91,8,14,2.0,0.2920224070549011,0.4356604814529419,0.5840448141098022
92,40,7,8.0,0.07253703474998469,0.0865876674652099,0.5802962779998775
93,8,11,3.0,0.19195655981699622,0.3005688786506653,0.5758696794509887
94,48,15,6.0,0.09483980139096576,0.173799991607666,0.5690388083457946
95,6,8,9.0,0.06191565593083695,0.1045743227005004,0.5572409033775325
96,37,7,4.0,0.13870508968830103,0.2320992946624755,0.5548203587532041
97,10,3,7.0,0.07880119766507825,0.1230494976043701,0.5516083836555478
98,3,5,8.0,0.06845300644636149,0.0912871360778808,0.5476240515708919
99,10,11,6.0,0.09104455510775243,0.1246440410614013,0.5462673306465146
100,16,5,5.0,0.10077719688415525,0.1792868375778198,0.5038859844207763
101,32,17,4.0,0.12058676779270167,0.1507618427276611,0.48234707117080666
102,2,18,15.0,0.03188548485438026,0.0945032238960266,0.4782822728157039
103,36,20,6.0,0.07747111717859899,0.1309431195259094,0.4648267030715939
104,35,0,4.0,0.10958620905876154,0.1958329081535339,0.43834483623504616
105,11,9,5.0,0.08321303129196164,0.0968149900436401,0.4160651564598082
106,20,16,24.0,0.017312784989674833,0.0289379358291625,0.415506839752196
107,6,7,5.0,0.08166477680206294,0.132519781589508,0.4083238840103147
108,49,16,1.0,0.402415931224823,0.402415931224823,0.402415931224823
109,3,21,7.0,0.056796448571341356,0.0958869457244873,0.3975751399993895
110,45,23,6.0,0.06571680307388302,0.1376824378967285,0.3943008184432981
111,4,8,7.0,0.05561144011361253,0.0803164839744567,0.3892800807952877
112,30,20,10.0,0.038738119602203316,0.0552591085433959,0.3873811960220332
113,25,11,3.0,0.12474342187245684,0.1729781627655029,0.3742302656173705
114,25,4,2.0,0.18446332216262815,0.2123256921768188,0.3689266443252563
115,15,8,6.0,0.06123876571655266,0.0711475610733032,0.36743259429931596
116,7,16,33.0,0.011100537849195034,0.020440399646759,0.3663177490234361
117,53,20,20.0,0.01777118444442744,0.0229643583297729,0.3554236888885488
118,47,13,25.0,0.014128723144531204,0.0164054632186889,0.3532180786132801
119,1,13,56.0,0.006307101675442235,0.007297396659851,0.3531976938247652
120,2,16,28.0,0.012478215353829475,0.0207741260528564,0.3493900299072253
121,19,23,8.0,0.0433094054460525,0.1043733358383178,0.34647524356842
122,21,14,2.0,0.17219752073287958,0.1901962757110595,0.34439504146575917
123,46,23,62.0,0.0053835280479922806,0.0078821182250976,0.3337787389755214
124,0,14,59.0,0.005604624748229931,0.0099105834960937,0.3306728601455659
125,51,3,53.0,0.006191100714341596,0.0100620985031127,0.3281283378601046
126,38,17,1.0,0.3251588940620422,0.3251588940620422,0.3251588940620422
127,6,0,6.0,0.05353199442227677,0.1042609810829162,0.3211919665336606
128,57,22,57.0,0.0055749949656034295,0.0092543363571167,0.3177747130393955
129,54,17,22.0,0.014414202083240806,0.0185747146606445,0.3171124458312977
130,23,2,1.0,0.3136578202247619,0.3136578202247619,0.3136578202247619
131,11,6,4.0,0.07824172079563135,0.0861175060272216,0.3129668831825254
132,48,0,38.0,0.008181945273750662,0.0140873193740844,0.3109139204025252
133,6,9,5.0,0.06213597059249876,0.0913034081459045,0.3106798529624938
134,2,4,2.0,0.15152513980865473,0.1587147116661071,0.30305027961730946
135,4,12,25.0,0.012007076740264844,0.0324072837829589,0.3001769185066211
136,45,0,26.0,0.011517703533172559,0.0206549167633056,0.2994602918624865
137,4,9,27.0,0.01097241595939349,0.0314665436744689,0.2962552309036242
138,32,2,27.0,0.010877810142658333,0.0194896459579467,0.293700873851775
139,22,18,2.0,0.13930118083953852,0.1874104738235473,0.27860236167907704
140,24,4,2.0,0.13885313272476196,0.1631122827529907,0.2777062654495239
141,11,3,3.0,0.0921905636787414,0.0981503725051879,0.2765716910362242
142,4,14,2.0,0.13595071434974665,0.2262654900550842,0.2719014286994933
143,36,8,6.0,0.04457533359527583,0.0937484502792358,0.267452001571655
144,26,12,2.0,0.1332538723945617,0.1879922151565551,0.2665077447891234
145,49,1,38.0,0.006937613612727064,0.0085163116455078,0.26362931728362843
146,45,15,4.0,0.06513290107250211,0.1000590324401855,0.26053160429000843
147,31,12,5.0,0.05053986310958858,0.0660495162010192,0.2526993155479429
148,10,5,5.0,0.04884098768234248,0.0668245553970336,0.2442049384117124
149,20,5,17.0,0.014296335332533846,0.0246437788009643,0.2430377006530754
150,36,23,5.0,0.04781304597854608,0.0870967507362365,0.2390652298927304
151,22,22,3.0,0.07776653766632076,0.0870115756988525,0.2332996129989623
152,42,17,12.0,0.01888696352640784,0.0313720703125,0.2266435623168941
153,32,7,5.0,0.04405847787857052,0.0563781261444091,0.22029238939285262
154,47,3,23.0,0.0094732927239459,0.01093590259552,0.2178857326507557
155,59,22,42.0,0.0051476082631519305,0.0108956098556518,0.2161995470523811
156,7,6,1.0,0.2128742933273315,0.2128742933273315,0.2128742933273315
157,9,18,7.0,0.03005126544407431,0.0384448170661926,0.21035885810852017
158,38,2,2.0,0.10450297594070429,0.1193099021911621,0.20900595188140858
159,12,18,1.0,0.2073003053665161,0.2073003053665161,0.2073003053665161
160,36,7,3.0,0.06759107112884517,0.0787945389747619,0.2027732133865355
161,14,18,1.0,0.1939775943756103,0.1939775943756103,0.1939775943756103
162,18,17,13.0,0.014276779614962015,0.0218011140823364,0.1855981349945062
163,50,9,1.0,0.1853359937667846,0.1853359937667846,0.1853359937667846
164,5,14,12.0,0.015267993013064009,0.0404732227325439,0.1832159161567681
165,13,16,3.0,0.060717860857645634,0.0686802864074707,0.1821535825729369
166,33,20,2.0,0.090368777513504,0.0925613641738891,0.180737555027008
167,15,4,6.0,0.02995884418487545,0.0359220504760742,0.1797530651092527
168,44,7,5.0,0.0359089374542236,0.0680252313613891,0.179544687271118
169,11,15,2.0,0.08747184276580805,0.1284528970718383,0.1749436855316161
170,28,23,1.0,0.1698746681213379,0.1698746681213379,0.1698746681213379
171,37,15,1.0,0.1675831079483032,0.1675831079483032,0.1675831079483032
172,38,16,1.0,0.1619467735290527,0.1619467735290527,0.1619467735290527
173,2,20,14.0,0.011516383716038242,0.024027943611145,0.16122937202453538
174,9,7,2.0,0.07797634601593015,0.0990263819694519,0.1559526920318603
175,52,8,13.0,0.011981606483459415,0.0145236253738403,0.1557608842849724
176,25,9,1.0,0.1553859710693359,0.1553859710693359,0.1553859710693359
177,29,7,3.0,0.05088496208190913,0.069736361503601,0.1526548862457274
178,53,19,12.0,0.012574722369511876,0.0172722339630126,0.1508966684341425
179,3,16,3.0,0.04981291294097897,0.0611021518707275,0.1494387388229369
180,51,13,10.0,0.014575123786926209,0.0310055017471313,0.14575123786926208
181,37,3,1.0,0.1440237164497375,0.1440237164497375,0.1440237164497375
182,38,6,1.0,0.1427981257438659,0.1427981257438659,0.1427981257438659
183,13,0,1.0,0.140749454498291,0.140749454498291,0.140749454498291
184,8,13,4.0,0.0349245369434356,0.0444975495338439,0.1396981477737424
185,13,19,2.0,0.0691064000129699,0.0785496234893798,0.1382128000259398
186,58,13,64.0,0.0021445064339786282,0.0042403936386108,0.1372484117746322
187,38,5,3.0,0.045722961425781194,0.0499992370605468,0.13716888427734358
188,19,12,1.0,0.1350448131561279,0.1350448131561279,0.1350448131561279
189,28,4,1.0,0.134912371635437,0.134912371635437,0.134912371635437
190,1,16,6.0,0.021489620208740182,0.0348310470581054,0.1289377212524411
191,8,7,5.0,0.0250314593315124,0.0348291993141174,0.125157296657562
192,6,11,2.0,0.06237089633941645,0.0901893377304077,0.1247417926788329
193,25,22,1.0,0.1244217157363891,0.1244217157363891,0.1244217157363891
194,15,2,2.0,0.061254382133483845,0.0752625465393066,0.12250876426696769
195,54,23,20.0,0.006022107601165725,0.0094825029373168,0.1204421520233145
196,24,22,1.0,0.1190685033798217,0.1190685033798217,0.1190685033798217
197,18,21,2.0,0.05608981847763055,0.0839594602584838,0.1121796369552611
198,31,5,1.0,0.1113405227661132,0.1113405227661132,0.1113405227661132
199,3,3,6.0,0.018491139014561914,0.0219303369522094,0.1109468340873715
200,3,20,1.0,0.1091387867927551,0.1091387867927551,0.1091387867927551
201,0,20,5.0,0.02106747627258296,0.023773193359375,0.1053373813629148
202,31,6,3.0,0.0338560342788696,0.0448726415634155,0.1015681028366088
203,42,22,6.0,0.016875803470611534,0.02285897731781,0.1012548208236692
204,25,15,1.0,0.1008802652359008,0.1008802652359008,0.1008802652359008
205,39,9,7.0,0.014190801552363757,0.0251073241233825,0.0993356108665463
206,49,0,8.0,0.012293353676795913,0.0384005308151245,0.0983468294143673
207,39,0,4.0,0.024415373802185024,0.03584885597229,0.0976614952087401
208,48,13,3.0,0.03254407644271847,0.0397648215293884,0.0976322293281554
209,13,10,1.0,0.0971168279647827,0.0971168279647827,0.0971168279647827
210,7,9,2.0,0.045276612043380654,0.0492042899131774,0.09055322408676131
211,19,17,1.0,0.0882128477096557,0.0882128477096557,0.0882128477096557
212,4,2,2.0,0.04303026199340815,0.0430883169174194,0.0860605239868163
213,10,7,1.0,0.0852726101875305,0.0852726101875305,0.0852726101875305
214,6,17,6.0,0.014207541942596385,0.0214126706123352,0.08524525165557831
215,11,20,2.0,0.0425004363059997,0.0496426820755004,0.0850008726119994
216,11,23,1.0,0.0841408371925354,0.0841408371925354,0.0841408371925354
217,11,2,2.0,0.0420330464839935,0.0448930263519287,0.084066092967987
218,31,23,1.0,0.0826161503791809,0.0826161503791809,0.0826161503791809
219,11,8,1.0,0.0809309482574462,0.0809309482574462,0.0809309482574462
220,8,15,1.0,0.0802503228187561,0.0802503228187561,0.0802503228187561
221,10,13,1.0,0.0793700218200683,0.0793700218200683,0.0793700218200683
222,39,19,5.0,0.015803980827331497,0.0411216616630554,0.07901990413665749
223,59,15,20.0,0.003933194279670665,0.005502313375473,0.07866388559341331
224,29,8,3.0,0.025871872901916435,0.0314401388168334,0.0776156187057493
225,45,6,15.0,0.0046892364819844,0.0068390369415283,0.070338547229766
226,42,2,1.0,0.069612979888916,0.069612979888916,0.069612979888916
227,48,20,10.0,0.0068935990333556605,0.0097002983093261,0.0689359903335566
228,32,1,3.0,0.022790769735972036,0.028407335281372,0.06837230920791611
229,5,4,7.0,0.00960864339556007,0.0143145322799682,0.0672605037689205
230,46,21,2.0,0.03218215703964225,0.0352991819381713,0.0643643140792845
231,29,5,2.0,0.0321567058563232,0.0354310274124145,0.0643134117126464
232,16,20,2.0,0.03191438317298885,0.0330026745796203,0.0638287663459777
233,4,19,1.0,0.0612941980361938,0.0612941980361938,0.0612941980361938
234,15,6,1.0,0.0610811710357666,0.0610811710357666,0.0610811710357666
235,47,14,6.0,0.010061422983805282,0.0116339921951293,0.0603685379028317
236,1,20,2.0,0.02946519851684565,0.0317113399505615,0.0589303970336913
237,33,18,2.0,0.028487652540206847,0.0329142212867736,0.05697530508041369
238,27,14,2.0,0.028396844863891553,0.0388007164001464,0.056793689727783106
239,23,10,1.0,0.0544527769088745,0.0544527769088745,0.0544527769088745
240,5,2,1.0,0.0484910011291503,0.0484910011291503,0.0484910011291503
241,31,3,1.0,0.0466514229774475,0.0466514229774475,0.0466514229774475
242,33,14,2.0,0.02283352613449095,0.024544358253479,0.0456670522689819
243,56,9,3.0,0.014233609040578167,0.0164321660995483,0.0427008271217345
244,47,0,4.0,0.010348230600356976,0.0139628648757934,0.0413929224014279
245,27,15,1.0,0.0410516262054443,0.0410516262054443,0.0410516262054443
246,19,7,1.0,0.0408868789672851,0.0408868789672851,0.0408868789672851
247,51,0,1.0,0.0401617288589477,0.0401617288589477,0.0401617288589477
248,45,16,1.0,0.0363734364509582,0.0363734364509582,0.0363734364509582
249,47,21,2.0,0.01716148853302,0.0180448293685913,0.03432297706604
250,8,20,1.0,0.0325366854667663,0.0325366854667663,0.0325366854667663
251,3,8,2.0,0.01513013243675225,0.0197895169258117,0.0302602648735045
252,57,9,7.0,0.004134425095149414,0.0052502751350402,0.0289409756660459
253,47,19,2.0,0.0144662857055664,0.0157698392868042,0.0289325714111328
254,7,20,1.0,0.0278639793395996,0.0278639793395996,0.0278639793395996
255,28,17,1.0,0.0259501934051513,0.0259501934051513,0.0259501934051513
256,55,16,2.0,0.0128751099109649,0.0142648220062255,0.0257502198219298
257,6,1,2.0,0.0112316012382507,0.017208993434906,0.0224632024765014
258,47,4,2.0,0.01101630926132195,0.0111501216888427,0.0220326185226439
259,36,16,1.0,0.0218950510025024,0.0218950510025024,0.0218950510025024
260,56,5,2.0,0.01061135530471795,0.0111072063446044,0.0212227106094359
261,6,2,1.0,0.0202181339263916,0.0202181339263916,0.0202181339263916
262,56,8,1.0,0.0192465782165527,0.0192465782165527,0.0192465782165527
263,42,14,1.0,0.0181523561477661,0.0181523561477661,0.0181523561477661
264,32,19,1.0,0.0163305401802063,0.0163305401802063,0.0163305401802063
265,44,22,1.0,0.0158228874206542,0.0158228874206542,0.0158228874206542
266,6,19,1.0,0.0152525305747985,0.0152525305747985,0.0152525305747985
267,6,14,1.0,0.0139983296394348,0.0139983296394348,0.0139983296394348
268,36,6,1.0,0.0128130912780761,0.0128130912780761,0.0128130912780761
269,38,3,1.0,0.0078372955322265,0.0078372955322265,0.0078372955322265
270,59,13,2.0,0.0029194205999374,0.0029321014881134,0.0058388411998748
271,0,0,0.0,0.0,0.0,0.0
272,0,1,0.0,0.0,0.0,0.0
273,0,2,0.0,0.0,0.0,0.0
274,0,3,0.0,0.0,0.0,0.0
275,0,4,0.0,0.0,0.0,0.0
276,0,5,0.0,0.0,0.0,0.0
277,0,6,0.0,0.0,0.0,0.0
278,0,7,0.0,0.0,0.0,0.0
279,0,8,0.0,0.0,0.0,0.0
280,0,9,0.0,0.0,0.0,0.0
281,0,10,0.0,0.0,0.0,0.0
282,0,11,0.0,0.0,0.0,0.0
283,0,12,0.0,0.0,0.0,0.0
284,0,13,0.0,0.0,0.0,0.0
285,0,15,0.0,0.0,0.0,0.0
286,0,16,0.0,0.0,0.0,0.0
287,0,17,0.0,0.0,0.0,0.0
288,0,18,0.0,0.0,0.0,0.0
289,0,19,0.0,0.0,0.0,0.0
290,0,21,0.0,0.0,0.0,0.0
291,0,22,0.0,0.0,0.0,0.0
292,0,23,0.0,0.0,0.0,0.0
293,1,0,0.0,0.0,0.0,0.0
294,1,1,0.0,0.0,0.0,0.0
295,1,2,0.0,0.0,0.0,0.0
296,1,3,0.0,0.0,0.0,0.0
297,1,4,0.0,0.0,0.0,0.0
298,1,5,0.0,0.0,0.0,0.0
299,1,6,0.0,0.0,0.0,0.0
300,1,7,0.0,0.0,0.0,0.0
301,1,8,0.0,0.0,0.0,0.0
302,1,9,0.0,0.0,0.0,0.0
303,1,10,0.0,0.0,0.0,0.0
304,1,11,0.0,0.0,0.0,0.0
305,1,12,0.0,0.0,0.0,0.0
306,1,14,0.0,0.0,0.0,0.0
307,1,15,0.0,0.0,0.0,0.0
308,1,17,0.0,0.0,0.0,0.0
309,1,18,0.0,0.0,0.0,0.0
310,1,19,0.0,0.0,0.0,0.0
311,1,21,0.0,0.0,0.0,0.0
312,1,22,0.0,0.0,0.0,0.0
313,1,23,0.0,0.0,0.0,0.0
314,2,0,0.0,0.0,0.0,0.0
315,2,1,0.0,0.0,0.0,0.0
316,2,2,0.0,0.0,0.0,0.0
317,2,3,0.0,0.0,0.0,0.0
318,2,6,0.0,0.0,0.0,0.0
319,2,7,0.0,0.0,0.0,0.0
320,2,8,0.0,0.0,0.0,0.0
321,2,9,0.0,0.0,0.0,0.0
322,2,10,0.0,0.0,0.0,0.0
323,2,11,0.0,0.0,0.0,0.0
324,2,12,0.0,0.0,0.0,0.0
325,2,13,0.0,0.0,0.0,0.0
326,2,14,0.0,0.0,0.0,0.0
327,2,15,0.0,0.0,0.0,0.0
328,2,17,0.0,0.0,0.0,0.0
329,2,19,0.0,0.0,0.0,0.0
330,2,21,0.0,0.0,0.0,0.0
331,2,22,0.0,0.0,0.0,0.0
332,2,23,0.0,0.0,0.0,0.0
333,3,0,0.0,0.0,0.0,0.0
334,3,1,0.0,0.0,0.0,0.0
335,3,2,0.0,0.0,0.0,0.0
336,3,4,0.0,0.0,0.0,0.0
337,3,6,0.0,0.0,0.0,0.0
338,3,7,0.0,0.0,0.0,0.0
339,3,9,0.0,0.0,0.0,0.0
340,3,10,0.0,0.0,0.0,0.0
341,3,12,0.0,0.0,0.0,0.0
342,3,13,0.0,0.0,0.0,0.0
343,3,15,0.0,0.0,0.0,0.0
344,3,17,0.0,0.0,0.0,0.0
345,3,18,0.0,0.0,0.0,0.0
346,3,19,0.0,0.0,0.0,0.0
347,3,22,0.0,0.0,0.0,0.0
348,3,23,0.0,0.0,0.0,0.0
349,4,0,0.0,0.0,0.0,0.0
350,4,1,0.0,0.0,0.0,0.0
351,4,3,0.0,0.0,0.0,0.0
352,4,4,0.0,0.0,0.0,0.0
353,4,5,0.0,0.0,0.0,0.0
354,4,6,0.0,0.0,0.0,0.0
355,4,7,0.0,0.0,0.0,0.0
356,4,10,0.0,0.0,0.0,0.0
357,4,11,0.0,0.0,0.0,0.0
358,4,13,0.0,0.0,0.0,0.0
359,4,15,0.0,0.0,0.0,0.0
360,4,16,0.0,0.0,0.0,0.0
361,4,17,0.0,0.0,0.0,0.0
362,4,18,0.0,0.0,0.0,0.0
363,4,20,0.0,0.0,0.0,0.0
364,4,21,0.0,0.0,0.0,0.0
365,4,22,0.0,0.0,0.0,0.0
366,4,23,0.0,0.0,0.0,0.0
367,5,0,0.0,0.0,0.0,0.0
368,5,1,0.0,0.0,0.0,0.0
369,5,3,0.0,0.0,0.0,0.0
370,5,5,0.0,0.0,0.0,0.0
371,5,6,0.0,0.0,0.0,0.0
372,5,7,0.0,0.0,0.0,0.0
373,5,8,0.0,0.0,0.0,0.0
374,5,9,0.0,0.0,0.0,0.0
375,5,10,0.0,0.0,0.0,0.0
376,5,11,0.0,0.0,0.0,0.0
377,5,15,0.0,0.0,0.0,0.0
378,5,16,0.0,0.0,0.0,0.0
379,5,17,0.0,0.0,0.0,0.0
380,5,18,0.0,0.0,0.0,0.0
381,5,19,0.0,0.0,0.0,0.0
382,5,20,0.0,0.0,0.0,0.0
383,5,21,0.0,0.0,0.0,0.0
384,5,22,0.0,0.0,0.0,0.0
385,5,23,0.0,0.0,0.0,0.0
386,6,4,0.0,0.0,0.0,0.0
387,6,5,0.0,0.0,0.0,0.0
388,6,6,0.0,0.0,0.0,0.0
389,6,10,0.0,0.0,0.0,0.0
390,6,13,0.0,0.0,0.0,0.0
391,6,15,0.0,0.0,0.0,0.0
392,6,16,0.0,0.0,0.0,0.0
393,6,18,0.0,0.0,0.0,0.0
394,6,20,0.0,0.0,0.0,0.0
395,6,21,0.0,0.0,0.0,0.0
396,6,22,0.0,0.0,0.0,0.0
397,6,23,0.0,0.0,0.0,0.0
398,7,0,0.0,0.0,0.0,0.0
399,7,1,0.0,0.0,0.0,0.0
400,7,2,0.0,0.0,0.0,0.0
401,7,3,0.0,0.0,0.0,0.0
402,7,4,0.0,0.0,0.0,0.0
403,7,5,0.0,0.0,0.0,0.0
404,7,7,0.0,0.0,0.0,0.0
405,7,8,0.0,0.0,0.0,0.0
406,7,10,0.0,0.0,0.0,0.0
407,7,11,0.0,0.0,0.0,0.0
408,7,13,0.0,0.0,0.0,0.0
409,7,14,0.0,0.0,0.0,0.0
410,7,15,0.0,0.0,0.0,0.0
411,7,17,0.0,0.0,0.0,0.0
412,7,18,0.0,0.0,0.0,0.0
413,7,19,0.0,0.0,0.0,0.0
414,7,21,0.0,0.0,0.0,0.0
415,7,22,0.0,0.0,0.0,0.0
416,7,23,0.0,0.0,0.0,0.0
417,8,0,0.0,0.0,0.0,0.0
418,8,1,0.0,0.0,0.0,0.0
419,8,2,0.0,0.0,0.0,0.0
420,8,3,0.0,0.0,0.0,0.0
421,8,4,0.0,0.0,0.0,0.0
422,8,5,0.0,0.0,0.0,0.0
423,8,6,0.0,0.0,0.0,0.0
424,8,8,0.0,0.0,0.0,0.0
425,8,9,0.0,0.0,0.0,0.0
426,8,12,0.0,0.0,0.0,0.0
427,8,16,0.0,0.0,0.0,0.0
428,8,18,0.0,0.0,0.0,0.0
429,8,19,0.0,0.0,0.0,0.0
430,8,21,0.0,0.0,0.0,0.0
431,8,22,0.0,0.0,0.0,0.0
432,8,23,0.0,0.0,0.0,0.0
433,9,1,0.0,0.0,0.0,0.0
434,9,2,0.0,0.0,0.0,0.0
435,9,3,0.0,0.0,0.0,0.0
436,9,4,0.0,0.0,0.0,0.0
437,9,5,0.0,0.0,0.0,0.0
438,9,6,0.0,0.0,0.0,0.0
439,9,8,0.0,0.0,0.0,0.0
440,9,9,0.0,0.0,0.0,0.0
441,9,10,0.0,0.0,0.0,0.0
442,9,11,0.0,0.0,0.0,0.0
443,9,12,0.0,0.0,0.0,0.0
444,9,13,0.0,0.0,0.0,0.0
445,9,14,0.0,0.0,0.0,0.0
446,9,15,0.0,0.0,0.0,0.0
447,9,16,0.0,0.0,0.0,0.0
448,9,17,0.0,0.0,0.0,0.0
449,9,20,0.0,0.0,0.0,0.0
450,9,21,0.0,0.0,0.0,0.0
451,9,22,0.0,0.0,0.0,0.0
452,9,23,0.0,0.0,0.0,0.0
453,10,0,0.0,0.0,0.0,0.0
454,10,1,0.0,0.0,0.0,0.0
455,10,2,0.0,0.0,0.0,0.0
456,10,6,0.0,0.0,0.0,0.0
457,10,8,0.0,0.0,0.0,0.0
458,10,9,0.0,0.0,0.0,0.0
459,10,10,0.0,0.0,0.0,0.0
460,10,12,0.0,0.0,0.0,0.0
461,10,14,0.0,0.0,0.0,0.0
462,10,15,0.0,0.0,0.0,0.0
463,10,16,0.0,0.0,0.0,0.0
464,10,17,0.0,0.0,0.0,0.0
465,10,19,0.0,0.0,0.0,0.0
466,10,20,0.0,0.0,0.0,0.0
467,10,21,0.0,0.0,0.0,0.0
468,10,23,0.0,0.0,0.0,0.0
469,11,0,0.0,0.0,0.0,0.0
470,11,1,0.0,0.0,0.0,0.0
471,11,4,0.0,0.0,0.0,0.0
472,11,5,0.0,0.0,0.0,0.0
473,11,7,0.0,0.0,0.0,0.0
474,11,10,0.0,0.0,0.0,0.0
475,11,11,0.0,0.0,0.0,0.0
476,11,12,0.0,0.0,0.0,0.0
477,11,13,0.0,0.0,0.0,0.0
478,11,14,0.0,0.0,0.0,0.0
479,11,17,0.0,0.0,0.0,0.0
480,11,18,0.0,0.0,0.0,0.0
481,11,19,0.0,0.0,0.0,0.0
482,11,21,0.0,0.0,0.0,0.0
483,11,22,0.0,0.0,0.0,0.0
484,12,0,0.0,0.0,0.0,0.0
485,12,1,0.0,0.0,0.0,0.0
486,12,2,0.0,0.0,0.0,0.0
487,12,3,0.0,0.0,0.0,0.0
488,12,4,0.0,0.0,0.0,0.0
489,12,6,0.0,0.0,0.0,0.0
490,12,7,0.0,0.0,0.0,0.0
491,12,9,0.0,0.0,0.0,0.0
492,12,10,0.0,0.0,0.0,0.0
493,12,11,0.0,0.0,0.0,0.0
494,12,12,0.0,0.0,0.0,0.0
495,12,13,0.0,0.0,0.0,0.0
496,12,14,0.0,0.0,0.0,0.0
497,12,15,0.0,0.0,0.0,0.0
498,12,17,0.0,0.0,0.0,0.0
499,12,19,0.0,0.0,0.0,0.0
500,12,20,0.0,0.0,0.0,0.0
501,12,21,0.0,0.0,0.0,0.0
502,12,22,0.0,0.0,0.0,0.0
503,12,23,0.0,0.0,0.0,0.0
504,13,1,0.0,0.0,0.0,0.0
505,13,2,0.0,0.0,0.0,0.0
506,13,4,0.0,0.0,0.0,0.0
507,13,5,0.0,0.0,0.0,0.0
508,13,6,0.0,0.0,0.0,0.0
509,13,7,0.0,0.0,0.0,0.0
510,13,8,0.0,0.0,0.0,0.0
511,13,9,0.0,0.0,0.0,0.0
512,13,11,0.0,0.0,0.0,0.0
513,13,12,0.0,0.0,0.0,0.0
514,13,13,0.0,0.0,0.0,0.0
515,13,14,0.0,0.0,0.0,0.0
516,13,15,0.0,0.0,0.0,0.0
517,13,17,0.0,0.0,0.0,0.0
518,13,18,0.0,0.0,0.0,0.0
519,13,20,0.0,0.0,0.0,0.0
520,13,21,0.0,0.0,0.0,0.0
521,13,22,0.0,0.0,0.0,0.0
522,13,23,0.0,0.0,0.0,0.0
523,14,0,0.0,0.0,0.0,0.0
524,14,1,0.0,0.0,0.0,0.0
525,14,3,0.0,0.0,0.0,0.0
526,14,4,0.0,0.0,0.0,0.0
527,14,5,0.0,0.0,0.0,0.0
528,14,6,0.0,0.0,0.0,0.0
529,14,8,0.0,0.0,0.0,0.0
530,14,9,0.0,0.0,0.0,0.0
531,14,10,0.0,0.0,0.0,0.0
532,14,11,0.0,0.0,0.0,0.0
533,14,12,0.0,0.0,0.0,0.0
534,14,13,0.0,0.0,0.0,0.0
535,14,14,0.0,0.0,0.0,0.0
536,14,15,0.0,0.0,0.0,0.0
537,14,16,0.0,0.0,0.0,0.0
538,14,17,0.0,0.0,0.0,0.0
539,14,19,0.0,0.0,0.0,0.0
540,14,20,0.0,0.0,0.0,0.0
541,14,21,0.0,0.0,0.0,0.0
542,14,23,0.0,0.0,0.0,0.0
543,15,0,0.0,0.0,0.0,0.0
544,15,1,0.0,0.0,0.0,0.0
545,15,3,0.0,0.0,0.0,0.0
546,15,5,0.0,0.0,0.0,0.0
547,15,7,0.0,0.0,0.0,0.0
548,15,9,0.0,0.0,0.0,0.0
549,15,10,0.0,0.0,0.0,0.0
550,15,11,0.0,0.0,0.0,0.0
551,15,12,0.0,0.0,0.0,0.0
552,15,13,0.0,0.0,0.0,0.0
553,15,14,0.0,0.0,0.0,0.0
554,15,15,0.0,0.0,0.0,0.0
555,15,16,0.0,0.0,0.0,0.0
556,15,17,0.0,0.0,0.0,0.0
557,15,18,0.0,0.0,0.0,0.0
558,15,19,0.0,0.0,0.0,0.0
559,15,20,0.0,0.0,0.0,0.0
560,15,22,0.0,0.0,0.0,0.0
561,15,23,0.0,0.0,0.0,0.0
562,16,0,0.0,0.0,0.0,0.0
563,16,1,0.0,0.0,0.0,0.0
564,16,2,0.0,0.0,0.0,0.0
565,16,3,0.0,0.0,0.0,0.0
566,16,4,0.0,0.0,0.0,0.0
567,16,6,0.0,0.0,0.0,0.0
568,16,7,0.0,0.0,0.0,0.0
569,16,8,0.0,0.0,0.0,0.0
570,16,9,0.0,0.0,0.0,0.0
571,16,10,0.0,0.0,0.0,0.0
572,16,11,0.0,0.0,0.0,0.0
573,16,12,0.0,0.0,0.0,0.0
574,16,13,0.0,0.0,0.0,0.0
575,16,14,0.0,0.0,0.0,0.0
576,16,15,0.0,0.0,0.0,0.0
577,16,17,0.0,0.0,0.0,0.0
578,16,18,0.0,0.0,0.0,0.0
579,16,19,0.0,0.0,0.0,0.0
580,16,21,0.0,0.0,0.0,0.0
581,16,22,0.0,0.0,0.0,0.0
582,16,23,0.0,0.0,0.0,0.0
583,17,0,0.0,0.0,0.0,0.0
584,17,2,0.0,0.0,0.0,0.0
585,17,3,0.0,0.0,0.0,0.0
586,17,4,0.0,0.0,0.0,0.0
587,17,5,0.0,0.0,0.0,0.0
588,17,6,0.0,0.0,0.0,0.0
589,17,7,0.0,0.0,0.0,0.0
590,17,8,0.0,0.0,0.0,0.0
591,17,9,0.0,0.0,0.0,0.0
592,17,10,0.0,0.0,0.0,0.0
593,17,11,0.0,0.0,0.0,0.0
594,17,12,0.0,0.0,0.0,0.0
595,17,13,0.0,0.0,0.0,0.0
596,17,14,0.0,0.0,0.0,0.0
597,17,16,0.0,0.0,0.0,0.0
598,17,17,0.0,0.0,0.0,0.0
599,17,18,0.0,0.0,0.0,0.0
600,17,19,0.0,0.0,0.0,0.0
601,17,20,0.0,0.0,0.0,0.0
602,17,21,0.0,0.0,0.0,0.0
603,17,22,0.0,0.0,0.0,0.0
604,17,23,0.0,0.0,0.0,0.0
605,18,0,0.0,0.0,0.0,0.0
606,18,1,0.0,0.0,0.0,0.0
607,18,2,0.0,0.0,0.0,0.0
608,18,3,0.0,0.0,0.0,0.0
609,18,4,0.0,0.0,0.0,0.0
610,18,5,0.0,0.0,0.0,0.0
611,18,6,0.0,0.0,0.0,0.0
612,18,7,0.0,0.0,0.0,0.0
613,18,8,0.0,0.0,0.0,0.0
614,18,9,0.0,0.0,0.0,0.0
615,18,10,0.0,0.0,0.0,0.0
616,18,11,0.0,0.0,0.0,0.0
617,18,12,0.0,0.0,0.0,0.0
618,18,14,0.0,0.0,0.0,0.0
619,18,15,0.0,0.0,0.0,0.0
620,18,16,0.0,0.0,0.0,0.0
621,18,18,0.0,0.0,0.0,0.0
622,18,19,0.0,0.0,0.0,0.0
623,18,20,0.0,0.0,0.0,0.0
624,18,22,0.0,0.0,0.0,0.0
625,18,23,0.0,0.0,0.0,0.0
626,19,0,0.0,0.0,0.0,0.0
627,19,2,0.0,0.0,0.0,0.0
628,19,3,0.0,0.0,0.0,0.0
629,19,4,0.0,0.0,0.0,0.0
630,19,5,0.0,0.0,0.0,0.0
631,19,6,0.0,0.0,0.0,0.0
632,19,8,0.0,0.0,0.0,0.0
633,19,10,0.0,0.0,0.0,0.0
634,19,11,0.0,0.0,0.0,0.0
635,19,14,0.0,0.0,0.0,0.0
636,19,15,0.0,0.0,0.0,0.0
637,19,16,0.0,0.0,0.0,0.0
638,19,18,0.0,0.0,0.0,0.0
639,19,20,0.0,0.0,0.0,0.0
640,19,21,0.0,0.0,0.0,0.0
641,19,22,0.0,0.0,0.0,0.0
642,20,0,0.0,0.0,0.0,0.0
643,20,1,0.0,0.0,0.0,0.0
644,20,2,0.0,0.0,0.0,0.0
645,20,4,0.0,0.0,0.0,0.0
646,20,6,0.0,0.0,0.0,0.0
647,20,8,0.0,0.0,0.0,0.0
648,20,9,0.0,0.0,0.0,0.0
649,20,10,0.0,0.0,0.0,0.0
650,20,11,0.0,0.0,0.0,0.0
651,20,12,0.0,0.0,0.0,0.0
652,20,13,0.0,0.0,0.0,0.0
653,20,14,0.0,0.0,0.0,0.0
654,20,15,0.0,0.0,0.0,0.0
655,20,17,0.0,0.0,0.0,0.0
656,20,18,0.0,0.0,0.0,0.0
657,20,20,0.0,0.0,0.0,0.0
658,20,21,0.0,0.0,0.0,0.0
659,20,22,0.0,0.0,0.0,0.0
660,20,23,0.0,0.0,0.0,0.0
661,21,0,0.0,0.0,0.0,0.0
662,21,1,0.0,0.0,0.0,0.0
663,21,2,0.0,0.0,0.0,0.0
664,21,3,0.0,0.0,0.0,0.0
665,21,4,0.0,0.0,0.0,0.0
666,21,5,0.0,0.0,0.0,0.0
667,21,6,0.0,0.0,0.0,0.0
668,21,7,0.0,0.0,0.0,0.0
669,21,8,0.0,0.0,0.0,0.0
670,21,9,0.0,0.0,0.0,0.0
671,21,10,0.0,0.0,0.0,0.0
672,21,11,0.0,0.0,0.0,0.0
673,21,12,0.0,0.0,0.0,0.0
674,21,13,0.0,0.0,0.0,0.0
675,21,15,0.0,0.0,0.0,0.0
676,21,16,0.0,0.0,0.0,0.0
677,21,17,0.0,0.0,0.0,0.0
678,21,18,0.0,0.0,0.0,0.0
679,21,19,0.0,0.0,0.0,0.0
680,21,20,0.0,0.0,0.0,0.0
681,21,21,0.0,0.0,0.0,0.0
682,21,22,0.0,0.0,0.0,0.0
683,22,1,0.0,0.0,0.0,0.0
684,22,2,0.0,0.0,0.0,0.0
685,22,3,0.0,0.0,0.0,0.0
686,22,4,0.0,0.0,0.0,0.0
687,22,5,0.0,0.0,0.0,0.0
688,22,7,0.0,0.0,0.0,0.0
689,22,8,0.0,0.0,0.0,0.0
690,22,10,0.0,0.0,0.0,0.0
691,22,11,0.0,0.0,0.0,0.0
692,22,12,0.0,0.0,0.0,0.0
693,22,13,0.0,0.0,0.0,0.0
694,22,14,0.0,0.0,0.0,0.0
695,22,15,0.0,0.0,0.0,0.0
696,22,16,0.0,0.0,0.0,0.0
697,22,17,0.0,0.0,0.0,0.0
698,22,19,0.0,0.0,0.0,0.0
699,22,20,0.0,0.0,0.0,0.0
700,22,21,0.0,0.0,0.0,0.0
701,22,23,0.0,0.0,0.0,0.0
702,23,0,0.0,0.0,0.0,0.0
703,23,1,0.0,0.0,0.0,0.0
704,23,3,0.0,0.0,0.0,0.0
705,23,4,0.0,0.0,0.0,0.0
706,23,5,0.0,0.0,0.0,0.0
707,23,6,0.0,0.0,0.0,0.0
708,23,7,0.0,0.0,0.0,0.0
709,23,8,0.0,0.0,0.0,0.0
710,23,9,0.0,0.0,0.0,0.0
711,23,11,0.0,0.0,0.0,0.0
712,23,12,0.0,0.0,0.0,0.0
713,23,13,0.0,0.0,0.0,0.0
714,23,14,0.0,0.0,0.0,0.0
715,23,16,0.0,0.0,0.0,0.0
716,23,18,0.0,0.0,0.0,0.0
717,23,19,0.0,0.0,0.0,0.0
718,23,20,0.0,0.0,0.0,0.0
719,23,23,0.0,0.0,0.0,0.0
720,24,0,0.0,0.0,0.0,0.0
721,24,1,0.0,0.0,0.0,0.0
722,24,2,0.0,0.0,0.0,0.0
723,24,3,0.0,0.0,0.0,0.0
724,24,5,0.0,0.0,0.0,0.0
725,24,6,0.0,0.0,0.0,0.0
726,24,7,0.0,0.0,0.0,0.0
727,24,8,0.0,0.0,0.0,0.0
728,24,10,0.0,0.0,0.0,0.0
729,24,11,0.0,0.0,0.0,0.0
730,24,12,0.0,0.0,0.0,0.0
731,24,13,0.0,0.0,0.0,0.0
732,24,14,0.0,0.0,0.0,0.0
733,24,15,0.0,0.0,0.0,0.0
734,24,17,0.0,0.0,0.0,0.0
735,24,18,0.0,0.0,0.0,0.0
736,24,20,0.0,0.0,0.0,0.0
737,24,21,0.0,0.0,0.0,0.0
738,24,23,0.0,0.0,0.0,0.0
739,25,0,0.0,0.0,0.0,0.0
740,25,1,0.0,0.0,0.0,0.0
741,25,2,0.0,0.0,0.0,0.0
742,25,3,0.0,0.0,0.0,0.0
743,25,5,0.0,0.0,0.0,0.0
744,25,6,0.0,0.0,0.0,0.0
745,25,7,0.0,0.0,0.0,0.0
746,25,8,0.0,0.0,0.0,0.0
747,25,10,0.0,0.0,0.0,0.0
748,25,12,0.0,0.0,0.0,0.0
749,25,13,0.0,0.0,0.0,0.0
750,25,14,0.0,0.0,0.0,0.0
751,25,16,0.0,0.0,0.0,0.0
752,25,17,0.0,0.0,0.0,0.0
753,25,18,0.0,0.0,0.0,0.0
754,25,21,0.0,0.0,0.0,0.0
755,25,23,0.0,0.0,0.0,0.0
756,26,1,0.0,0.0,0.0,0.0
757,26,3,0.0,0.0,0.0,0.0
758,26,4,0.0,0.0,0.0,0.0
759,26,5,0.0,0.0,0.0,0.0
760,26,6,0.0,0.0,0.0,0.0
761,26,7,0.0,0.0,0.0,0.0
762,26,8,0.0,0.0,0.0,0.0
763,26,9,0.0,0.0,0.0,0.0
764,26,10,0.0,0.0,0.0,0.0
765,26,11,0.0,0.0,0.0,0.0
766,26,13,0.0,0.0,0.0,0.0
767,26,14,0.0,0.0,0.0,0.0
768,26,15,0.0,0.0,0.0,0.0
769,26,16,0.0,0.0,0.0,0.0
770,26,17,0.0,0.0,0.0,0.0
771,26,18,0.0,0.0,0.0,0.0
772,26,19,0.0,0.0,0.0,0.0
773,26,20,0.0,0.0,0.0,0.0
774,26,21,0.0,0.0,0.0,0.0
775,26,22,0.0,0.0,0.0,0.0
776,26,23,0.0,0.0,0.0,0.0
777,27,0,0.0,0.0,0.0,0.0
778,27,1,0.0,0.0,0.0,0.0
779,27,2,0.0,0.0,0.0,0.0
780,27,3,0.0,0.0,0.0,0.0
781,27,5,0.0,0.0,0.0,0.0
782,27,6,0.0,0.0,0.0,0.0
783,27,7,0.0,0.0,0.0,0.0
784,27,8,0.0,0.0,0.0,0.0
785,27,9,0.0,0.0,0.0,0.0
786,27,10,0.0,0.0,0.0,0.0
787,27,11,0.0,0.0,0.0,0.0
788,27,12,0.0,0.0,0.0,0.0
789,27,13,0.0,0.0,0.0,0.0
790,27,16,0.0,0.0,0.0,0.0
791,27,17,0.0,0.0,0.0,0.0
792,27,18,0.0,0.0,0.0,0.0
793,27,19,0.0,0.0,0.0,0.0
794,27,21,0.0,0.0,0.0,0.0
795,27,23,0.0,0.0,0.0,0.0
796,28,0,0.0,0.0,0.0,0.0
797,28,2,0.0,0.0,0.0,0.0
798,28,3,0.0,0.0,0.0,0.0
799,28,5,0.0,0.0,0.0,0.0
800,28,6,0.0,0.0,0.0,0.0
801,28,7,0.0,0.0,0.0,0.0
802,28,8,0.0,0.0,0.0,0.0
803,28,9,0.0,0.0,0.0,0.0
804,28,10,0.0,0.0,0.0,0.0
805,28,11,0.0,0.0,0.0,0.0
806,28,12,0.0,0.0,0.0,0.0
807,28,13,0.0,0.0,0.0,0.0
808,28,14,0.0,0.0,0.0,0.0
809,28,15,0.0,0.0,0.0,0.0
810,28,16,0.0,0.0,0.0,0.0
811,28,18,0.0,0.0,0.0,0.0
812,28,19,0.0,0.0,0.0,0.0
813,28,20,0.0,0.0,0.0,0.0
814,28,21,0.0,0.0,0.0,0.0
815,28,22,0.0,0.0,0.0,0.0
816,29,0,0.0,0.0,0.0,0.0
817,29,2,0.0,0.0,0.0,0.0
818,29,3,0.0,0.0,0.0,0.0
819,29,4,0.0,0.0,0.0,0.0
820,29,6,0.0,0.0,0.0,0.0
821,29,9,0.0,0.0,0.0,0.0
822,29,10,0.0,0.0,0.0,0.0
823,29,11,0.0,0.0,0.0,0.0
824,29,12,0.0,0.0,0.0,0.0
825,29,13,0.0,0.0,0.0,0.0
826,29,14,0.0,0.0,0.0,0.0
827,29,15,0.0,0.0,0.0,0.0
828,29,16,0.0,0.0,0.0,0.0
829,29,17,0.0,0.0,0.0,0.0
830,29,18,0.0,0.0,0.0,0.0
831,29,19,0.0,0.0,0.0,0.0
832,29,20,0.0,0.0,0.0,0.0
833,29,22,0.0,0.0,0.0,0.0
834,29,23,0.0,0.0,0.0,0.0
835,30,0,0.0,0.0,0.0,0.0
836,30,1,0.0,0.0,0.0,0.0
837,30,2,0.0,0.0,0.0,0.0
838,30,3,0.0,0.0,0.0,0.0
839,30,4,0.0,0.0,0.0,0.0
840,30,5,0.0,0.0,0.0,0.0
841,30,6,0.0,0.0,0.0,0.0
842,30,7,0.0,0.0,0.0,0.0
843,30,8,0.0,0.0,0.0,0.0
844,30,9,0.0,0.0,0.0,0.0
845,30,11,0.0,0.0,0.0,0.0
846,30,12,0.0,0.0,0.0,0.0
847,30,14,0.0,0.0,0.0,0.0
848,30,15,0.0,0.0,0.0,0.0
849,30,16,0.0,0.0,0.0,0.0
850,30,17,0.0,0.0,0.0,0.0
851,30,18,0.0,0.0,0.0,0.0
852,30,19,0.0,0.0,0.0,0.0
853,30,21,0.0,0.0,0.0,0.0
854,30,22,0.0,0.0,0.0,0.0
855,30,23,0.0,0.0,0.0,0.0
856,31,0,0.0,0.0,0.0,0.0
857,31,1,0.0,0.0,0.0,0.0
858,31,2,0.0,0.0,0.0,0.0
859,31,4,0.0,0.0,0.0,0.0
860,31,8,0.0,0.0,0.0,0.0
861,31,9,0.0,0.0,0.0,0.0
862,31,10,0.0,0.0,0.0,0.0
863,31,11,0.0,0.0,0.0,0.0
864,31,14,0.0,0.0,0.0,0.0
865,31,15,0.0,0.0,0.0,0.0
866,31,16,0.0,0.0,0.0,0.0
867,31,17,0.0,0.0,0.0,0.0
868,31,18,0.0,0.0,0.0,0.0
869,31,19,0.0,0.0,0.0,0.0
870,31,20,0.0,0.0,0.0,0.0
871,31,21,0.0,0.0,0.0,0.0
872,32,0,0.0,0.0,0.0,0.0
873,32,3,0.0,0.0,0.0,0.0
874,32,4,0.0,0.0,0.0,0.0
875,32,5,0.0,0.0,0.0,0.0
876,32,6,0.0,0.0,0.0,0.0
877,32,8,0.0,0.0,0.0,0.0
878,32,9,0.0,0.0,0.0,0.0
879,32,10,0.0,0.0,0.0,0.0
880,32,11,0.0,0.0,0.0,0.0
881,32,12,0.0,0.0,0.0,0.0
882,32,14,0.0,0.0,0.0,0.0
883,32,15,0.0,0.0,0.0,0.0
884,32,16,0.0,0.0,0.0,0.0
885,32,18,0.0,0.0,0.0,0.0
886,32,20,0.0,0.0,0.0,0.0
887,32,21,0.0,0.0,0.0,0.0
888,32,22,0.0,0.0,0.0,0.0
889,32,23,0.0,0.0,0.0,0.0
890,33,1,0.0,0.0,0.0,0.0
891,33,2,0.0,0.0,0.0,0.0
892,33,3,0.0,0.0,0.0,0.0
893,33,4,0.0,0.0,0.0,0.0
894,33,5,0.0,0.0,0.0,0.0
895,33,6,0.0,0.0,0.0,0.0
896,33,7,0.0,0.0,0.0,0.0
897,33,8,0.0,0.0,0.0,0.0
898,33,9,0.0,0.0,0.0,0.0
899,33,10,0.0,0.0,0.0,0.0
900,33,11,0.0,0.0,0.0,0.0
901,33,12,0.0,0.0,0.0,0.0
902,33,13,0.0,0.0,0.0,0.0
903,33,15,0.0,0.0,0.0,0.0
904,33,16,0.0,0.0,0.0,0.0
905,33,17,0.0,0.0,0.0,0.0
906,33,21,0.0,0.0,0.0,0.0
907,33,22,0.0,0.0,0.0,0.0
908,33,23,0.0,0.0,0.0,0.0
909,34,0,0.0,0.0,0.0,0.0
910,34,1,0.0,0.0,0.0,0.0
911,34,2,0.0,0.0,0.0,0.0
912,34,3,0.0,0.0,0.0,0.0
913,34,4,0.0,0.0,0.0,0.0
914,34,5,0.0,0.0,0.0,0.0
915,34,6,0.0,0.0,0.0,0.0
916,34,7,0.0,0.0,0.0,0.0
917,34,8,0.0,0.0,0.0,0.0
918,34,9,0.0,0.0,0.0,0.0
919,34,10,0.0,0.0,0.0,0.0
920,34,11,0.0,0.0,0.0,0.0
921,34,12,0.0,0.0,0.0,0.0
922,34,13,0.0,0.0,0.0,0.0
923,34,14,0.0,0.0,0.0,0.0
924,34,16,0.0,0.0,0.0,0.0
925,34,17,0.0,0.0,0.0,0.0
926,34,18,0.0,0.0,0.0,0.0
927,34,19,0.0,0.0,0.0,0.0
928,34,20,0.0,0.0,0.0,0.0
929,34,21,0.0,0.0,0.0,0.0
930,34,22,0.0,0.0,0.0,0.0
931,34,23,0.0,0.0,0.0,0.0
932,35,1,0.0,0.0,0.0,0.0
933,35,2,0.0,0.0,0.0,0.0
934,35,3,0.0,0.0,0.0,0.0
935,35,5,0.0,0.0,0.0,0.0
936,35,6,0.0,0.0,0.0,0.0
937,35,7,0.0,0.0,0.0,0.0
938,35,8,0.0,0.0,0.0,0.0
939,35,9,0.0,0.0,0.0,0.0
940,35,10,0.0,0.0,0.0,0.0
941,35,11,0.0,0.0,0.0,0.0
942,35,12,0.0,0.0,0.0,0.0
943,35,13,0.0,0.0,0.0,0.0
944,35,14,0.0,0.0,0.0,0.0
945,35,15,0.0,0.0,0.0,0.0
946,35,16,0.0,0.0,0.0,0.0
947,35,17,0.0,0.0,0.0,0.0
948,35,18,0.0,0.0,0.0,0.0
949,35,19,0.0,0.0,0.0,0.0
950,35,20,0.0,0.0,0.0,0.0
951,35,21,0.0,0.0,0.0,0.0
952,35,22,0.0,0.0,0.0,0.0
953,35,23,0.0,0.0,0.0,0.0
954,36,0,0.0,0.0,0.0,0.0
955,36,1,0.0,0.0,0.0,0.0
956,36,2,0.0,0.0,0.0,0.0
957,36,3,0.0,0.0,0.0,0.0
958,36,5,0.0,0.0,0.0,0.0
959,36,9,0.0,0.0,0.0,0.0
960,36,10,0.0,0.0,0.0,0.0
961,36,11,0.0,0.0,0.0,0.0
962,36,12,0.0,0.0,0.0,0.0
963,36,13,0.0,0.0,0.0,0.0
964,36,14,0.0,0.0,0.0,0.0
965,36,15,0.0,0.0,0.0,0.0
966,36,17,0.0,0.0,0.0,0.0
967,36,18,0.0,0.0,0.0,0.0
968,36,19,0.0,0.0,0.0,0.0
969,36,21,0.0,0.0,0.0,0.0
970,36,22,0.0,0.0,0.0,0.0
971,37,0,0.0,0.0,0.0,0.0
972,37,1,0.0,0.0,0.0,0.0
973,37,2,0.0,0.0,0.0,0.0
974,37,4,0.0,0.0,0.0,0.0
975,37,5,0.0,0.0,0.0,0.0
976,37,6,0.0,0.0,0.0,0.0
977,37,8,0.0,0.0,0.0,0.0
978,37,9,0.0,0.0,0.0,0.0
979,37,10,0.0,0.0,0.0,0.0
980,37,11,0.0,0.0,0.0,0.0
981,37,12,0.0,0.0,0.0,0.0
982,37,13,0.0,0.0,0.0,0.0
983,37,14,0.0,0.0,0.0,0.0
984,37,16,0.0,0.0,0.0,0.0
985,37,17,0.0,0.0,0.0,0.0
986,37,18,0.0,0.0,0.0,0.0
987,37,20,0.0,0.0,0.0,0.0
988,37,21,0.0,0.0,0.0,0.0
989,37,22,0.0,0.0,0.0,0.0
990,38,0,0.0,0.0,0.0,0.0
991,38,4,0.0,0.0,0.0,0.0
992,38,7,0.0,0.0,0.0,0.0
993,38,8,0.0,0.0,0.0,0.0
994,38,9,0.0,0.0,0.0,0.0
995,38,11,0.0,0.0,0.0,0.0
996,38,12,0.0,0.0,0.0,0.0
997,38,13,0.0,0.0,0.0,0.0
998,38,14,0.0,0.0,0.0,0.0
999,38,15,0.0,0.0,0.0,0.0
1000,38,18,0.0,0.0,0.0,0.0
1001,38,19,0.0,0.0,0.0,0.0
1002,38,20,0.0,0.0,0.0,0.0
1003,38,21,0.0,0.0,0.0,0.0
1004,38,22,0.0,0.0,0.0,0.0
1005,38,23,0.0,0.0,0.0,0.0
1006,39,1,0.0,0.0,0.0,0.0
1007,39,4,0.0,0.0,0.0,0.0
1008,39,5,0.0,0.0,0.0,0.0
1009,39,6,0.0,0.0,0.0,0.0
1010,39,7,0.0,0.0,0.0,0.0
1011,39,8,0.0,0.0,0.0,0.0
1012,39,10,0.0,0.0,0.0,0.0
1013,39,11,0.0,0.0,0.0,0.0
1014,39,12,0.0,0.0,0.0,0.0
1015,39,13,0.0,0.0,0.0,0.0
1016,39,14,0.0,0.0,0.0,0.0
1017,39,15,0.0,0.0,0.0,0.0
1018,39,16,0.0,0.0,0.0,0.0
1019,39,17,0.0,0.0,0.0,0.0
1020,39,18,0.0,0.0,0.0,0.0
1021,39,20,0.0,0.0,0.0,0.0
1022,39,21,0.0,0.0,0.0,0.0
1023,39,22,0.0,0.0,0.0,0.0
1024,39,23,0.0,0.0,0.0,0.0
1025,40,0,0.0,0.0,0.0,0.0
1026,40,1,0.0,0.0,0.0,0.0
1027,40,3,0.0,0.0,0.0,0.0
1028,40,4,0.0,0.0,0.0,0.0
1029,40,5,0.0,0.0,0.0,0.0
1030,40,8,0.0,0.0,0.0,0.0
1031,40,9,0.0,0.0,0.0,0.0
1032,40,10,0.0,0.0,0.0,0.0
1033,40,11,0.0,0.0,0.0,0.0
1034,40,12,0.0,0.0,0.0,0.0
1035,40,13,0.0,0.0,0.0,0.0
1036,40,14,0.0,0.0,0.0,0.0
1037,40,15,0.0,0.0,0.0,0.0
1038,40,16,0.0,0.0,0.0,0.0
1039,40,17,0.0,0.0,0.0,0.0
1040,40,18,0.0,0.0,0.0,0.0
1041,40,19,0.0,0.0,0.0,0.0
1042,40,20,0.0,0.0,0.0,0.0
1043,40,21,0.0,0.0,0.0,0.0
1044,40,22,0.0,0.0,0.0,0.0
1045,40,23,0.0,0.0,0.0,0.0
1046,41,0,0.0,0.0,0.0,0.0
1047,41,1,0.0,0.0,0.0,0.0
1048,41,2,0.0,0.0,0.0,0.0
1049,41,3,0.0,0.0,0.0,0.0
1050,41,4,0.0,0.0,0.0,0.0
1051,41,5,0.0,0.0,0.0,0.0
1052,41,6,0.0,0.0,0.0,0.0
1053,41,7,0.0,0.0,0.0,0.0
1054,41,8,0.0,0.0,0.0,0.0
1055,41,9,0.0,0.0,0.0,0.0
1056,41,10,0.0,0.0,0.0,0.0
1057,41,11,0.0,0.0,0.0,0.0
1058,41,12,0.0,0.0,0.0,0.0
1059,41,13,0.0,0.0,0.0,0.0
1060,41,14,0.0,0.0,0.0,0.0
1061,41,15,0.0,0.0,0.0,0.0
1062,41,16,0.0,0.0,0.0,0.0
1063,41,17,0.0,0.0,0.0,0.0
1064,41,18,0.0,0.0,0.0,0.0
1065,41,19,0.0,0.0,0.0,0.0
1066,41,20,0.0,0.0,0.0,0.0
1067,41,21,0.0,0.0,0.0,0.0
1068,41,23,0.0,0.0,0.0,0.0
1069,42,0,0.0,0.0,0.0,0.0
1070,42,1,0.0,0.0,0.0,0.0
1071,42,3,0.0,0.0,0.0,0.0
1072,42,4,0.0,0.0,0.0,0.0
1073,42,5,0.0,0.0,0.0,0.0
1074,42,6,0.0,0.0,0.0,0.0
1075,42,7,0.0,0.0,0.0,0.0
1076,42,8,0.0,0.0,0.0,0.0
1077,42,9,0.0,0.0,0.0,0.0
1078,42,10,0.0,0.0,0.0,0.0
1079,42,11,0.0,0.0,0.0,0.0
1080,42,13,0.0,0.0,0.0,0.0
1081,42,15,0.0,0.0,0.0,0.0
1082,42,16,0.0,0.0,0.0,0.0
1083,42,18,0.0,0.0,0.0,0.0
1084,42,19,0.0,0.0,0.0,0.0
1085,42,20,0.0,0.0,0.0,0.0
1086,42,21,0.0,0.0,0.0,0.0
1087,42,23,0.0,0.0,0.0,0.0
1088,43,0,0.0,0.0,0.0,0.0
1089,43,1,0.0,0.0,0.0,0.0
1090,43,2,0.0,0.0,0.0,0.0
1091,43,3,0.0,0.0,0.0,0.0
1092,43,4,0.0,0.0,0.0,0.0
1093,43,5,0.0,0.0,0.0,0.0
1094,43,6,0.0,0.0,0.0,0.0
1095,43,7,0.0,0.0,0.0,0.0
1096,43,8,0.0,0.0,0.0,0.0
1097,43,9,0.0,0.0,0.0,0.0
1098,43,10,0.0,0.0,0.0,0.0
1099,43,11,0.0,0.0,0.0,0.0
1100,43,12,0.0,0.0,0.0,0.0
1101,43,13,0.0,0.0,0.0,0.0
1102,43,14,0.0,0.0,0.0,0.0
1103,43,15,0.0,0.0,0.0,0.0
1104,43,16,0.0,0.0,0.0,0.0
1105,43,18,0.0,0.0,0.0,0.0
1106,43,19,0.0,0.0,0.0,0.0
1107,43,20,0.0,0.0,0.0,0.0
1108,43,21,0.0,0.0,0.0,0.0
1109,43,22,0.0,0.0,0.0,0.0
1110,44,0,0.0,0.0,0.0,0.0
1111,44,1,0.0,0.0,0.0,0.0
1112,44,2,0.0,0.0,0.0,0.0
1113,44,3,0.0,0.0,0.0,0.0
1114,44,4,0.0,0.0,0.0,0.0
1115,44,5,0.0,0.0,0.0,0.0
1116,44,6,0.0,0.0,0.0,0.0
1117,44,8,0.0,0.0,0.0,0.0
1118,44,9,0.0,0.0,0.0,0.0
1119,44,10,0.0,0.0,0.0,0.0
1120,44,11,0.0,0.0,0.0,0.0
1121,44,12,0.0,0.0,0.0,0.0
1122,44,14,0.0,0.0,0.0,0.0
1123,44,15,0.0,0.0,0.0,0.0
1124,44,16,0.0,0.0,0.0,0.0
1125,44,17,0.0,0.0,0.0,0.0
1126,44,18,0.0,0.0,0.0,0.0
1127,44,19,0.0,0.0,0.0,0.0
1128,44,20,0.0,0.0,0.0,0.0
1129,44,21,0.0,0.0,0.0,0.0
1130,44,23,0.0,0.0,0.0,0.0
1131,45,1,0.0,0.0,0.0,0.0
1132,45,2,0.0,0.0,0.0,0.0
1133,45,4,0.0,0.0,0.0,0.0
1134,45,5,0.0,0.0,0.0,0.0
1135,45,7,0.0,0.0,0.0,0.0
1136,45,8,0.0,0.0,0.0,0.0
1137,45,9,0.0,0.0,0.0,0.0
1138,45,10,0.0,0.0,0.0,0.0
1139,45,11,0.0,0.0,0.0,0.0
1140,45,12,0.0,0.0,0.0,0.0
1141,45,13,0.0,0.0,0.0,0.0
1142,45,14,0.0,0.0,0.0,0.0
1143,45,17,0.0,0.0,0.0,0.0
1144,45,18,0.0,0.0,0.0,0.0
1145,45,19,0.0,0.0,0.0,0.0
1146,45,20,0.0,0.0,0.0,0.0
1147,45,21,0.0,0.0,0.0,0.0
1148,45,22,0.0,0.0,0.0,0.0
1149,46,0,0.0,0.0,0.0,0.0
1150,46,1,0.0,0.0,0.0,0.0
1151,46,2,0.0,0.0,0.0,0.0
1152,46,3,0.0,0.0,0.0,0.0
1153,46,4,0.0,0.0,0.0,0.0
1154,46,5,0.0,0.0,0.0,0.0
1155,46,6,0.0,0.0,0.0,0.0
1156,46,7,0.0,0.0,0.0,0.0
1157,46,8,0.0,0.0,0.0,0.0
1158,46,9,0.0,0.0,0.0,0.0
1159,46,10,0.0,0.0,0.0,0.0
1160,46,11,0.0,0.0,0.0,0.0
1161,46,12,0.0,0.0,0.0,0.0
1162,46,13,0.0,0.0,0.0,0.0
1163,46,14,0.0,0.0,0.0,0.0
1164,46,15,0.0,0.0,0.0,0.0
1165,46,16,0.0,0.0,0.0,0.0
1166,46,17,0.0,0.0,0.0,0.0
1167,46,18,0.0,0.0,0.0,0.0
1168,46,19,0.0,0.0,0.0,0.0
1169,46,20,0.0,0.0,0.0,0.0
1170,46,22,0.0,0.0,0.0,0.0
1171,47,1,0.0,0.0,0.0,0.0
1172,47,2,0.0,0.0,0.0,0.0
1173,47,5,0.0,0.0,0.0,0.0
1174,47,6,0.0,0.0,0.0,0.0
1175,47,7,0.0,0.0,0.0,0.0
1176,47,8,0.0,0.0,0.0,0.0
1177,47,9,0.0,0.0,0.0,0.0
1178,47,10,0.0,0.0,0.0,0.0
1179,47,11,0.0,0.0,0.0,0.0
1180,47,12,0.0,0.0,0.0,0.0
1181,47,15,0.0,0.0,0.0,0.0
1182,47,16,0.0,0.0,0.0,0.0
1183,47,17,0.0,0.0,0.0,0.0
1184,47,18,0.0,0.0,0.0,0.0
1185,47,20,0.0,0.0,0.0,0.0
1186,47,22,0.0,0.0,0.0,0.0
1187,47,23,0.0,0.0,0.0,0.0
1188,48,1,0.0,0.0,0.0,0.0
1189,48,2,0.0,0.0,0.0,0.0
1190,48,3,0.0,0.0,0.0,0.0
1191,48,4,0.0,0.0,0.0,0.0
1192,48,6,0.0,0.0,0.0,0.0
1193,48,7,0.0,0.0,0.0,0.0
1194,48,8,0.0,0.0,0.0,0.0
1195,48,9,0.0,0.0,0.0,0.0
1196,48,10,0.0,0.0,0.0,0.0
1197,48,11,0.0,0.0,0.0,0.0
1198,48,12,0.0,0.0,0.0,0.0
1199,48,14,0.0,0.0,0.0,0.0
1200,48,16,0.0,0.0,0.0,0.0
1201,48,17,0.0,0.0,0.0,0.0
1202,48,18,0.0,0.0,0.0,0.0
1203,48,19,0.0,0.0,0.0,0.0
1204,48,21,0.0,0.0,0.0,0.0
1205,48,22,0.0,0.0,0.0,0.0
1206,48,23,0.0,0.0,0.0,0.0
1207,49,2,0.0,0.0,0.0,0.0
1208,49,3,0.0,0.0,0.0,0.0
1209,49,4,0.0,0.0,0.0,0.0
1210,49,5,0.0,0.0,0.0,0.0
1211,49,6,0.0,0.0,0.0,0.0
1212,49,7,0.0,0.0,0.0,0.0
1213,49,8,0.0,0.0,0.0,0.0
1214,49,9,0.0,0.0,0.0,0.0
1215,49,10,0.0,0.0,0.0,0.0
1216,49,11,0.0,0.0,0.0,0.0
1217,49,12,0.0,0.0,0.0,0.0
1218,49,14,0.0,0.0,0.0,0.0
1219,49,15,0.0,0.0,0.0,0.0
1220,49,17,0.0,0.0,0.0,0.0
1221,49,18,0.0,0.0,0.0,0.0
1222,49,19,0.0,0.0,0.0,0.0
1223,49,20,0.0,0.0,0.0,0.0
1224,49,21,0.0,0.0,0.0,0.0
1225,49,22,0.0,0.0,0.0,0.0
1226,49,23,0.0,0.0,0.0,0.0
1227,50,0,0.0,0.0,0.0,0.0
1228,50,1,0.0,0.0,0.0,0.0
1229,50,2,0.0,0.0,0.0,0.0
1230,50,3,0.0,0.0,0.0,0.0
1231,50,4,0.0,0.0,0.0,0.0
1232,50,5,0.0,0.0,0.0,0.0
1233,50,7,0.0,0.0,0.0,0.0
1234,50,8,0.0,0.0,0.0,0.0
1235,50,10,0.0,0.0,0.0,0.0
1236,50,11,0.0,0.0,0.0,0.0
1237,50,12,0.0,0.0,0.0,0.0
1238,50,13,0.0,0.0,0.0,0.0
1239,50,14,0.0,0.0,0.0,0.0
1240,50,15,0.0,0.0,0.0,0.0
1241,50,16,0.0,0.0,0.0,0.0
1242,50,17,0.0,0.0,0.0,0.0
1243,50,18,0.0,0.0,0.0,0.0
1244,50,19,0.0,0.0,0.0,0.0
1245,50,20,0.0,0.0,0.0,0.0
1246,50,21,0.0,0.0,0.0,0.0
1247,50,22,0.0,0.0,0.0,0.0
1248,50,23,0.0,0.0,0.0,0.0
1249,51,1,0.0,0.0,0.0,0.0
1250,51,2,0.0,0.0,0.0,0.0
1251,51,4,0.0,0.0,0.0,0.0
1252,51,5,0.0,0.0,0.0,0.0
1253,51,6,0.0,0.0,0.0,0.0
1254,51,7,0.0,0.0,0.0,0.0
1255,51,8,0.0,0.0,0.0,0.0
1256,51,9,0.0,0.0,0.0,0.0
1257,51,10,0.0,0.0,0.0,0.0
1258,51,11,0.0,0.0,0.0,0.0
1259,51,12,0.0,0.0,0.0,0.0
1260,51,14,0.0,0.0,0.0,0.0
1261,51,15,0.0,0.0,0.0,0.0
1262,51,16,0.0,0.0,0.0,0.0
1263,51,17,0.0,0.0,0.0,0.0
1264,51,18,0.0,0.0,0.0,0.0
1265,51,19,0.0,0.0,0.0,0.0
1266,51,20,0.0,0.0,0.0,0.0
1267,51,21,0.0,0.0,0.0,0.0
1268,51,22,0.0,0.0,0.0,0.0
1269,51,23,0.0,0.0,0.0,0.0
1270,52,1,0.0,0.0,0.0,0.0
1271,52,2,0.0,0.0,0.0,0.0
1272,52,3,0.0,0.0,0.0,0.0
1273,52,4,0.0,0.0,0.0,0.0
1274,52,5,0.0,0.0,0.0,0.0
1275,52,6,0.0,0.0,0.0,0.0
1276,52,7,0.0,0.0,0.0,0.0
1277,52,9,0.0,0.0,0.0,0.0
1278,52,10,0.0,0.0,0.0,0.0
1279,52,11,0.0,0.0,0.0,0.0
1280,52,12,0.0,0.0,0.0,0.0
1281,52,13,0.0,0.0,0.0,0.0
1282,52,14,0.0,0.0,0.0,0.0
1283,52,15,0.0,0.0,0.0,0.0
1284,52,16,0.0,0.0,0.0,0.0
1285,52,17,0.0,0.0,0.0,0.0
1286,52,18,0.0,0.0,0.0,0.0
1287,52,19,0.0,0.0,0.0,0.0
1288,52,20,0.0,0.0,0.0,0.0
1289,52,21,0.0,0.0,0.0,0.0
1290,52,22,0.0,0.0,0.0,0.0
1291,52,23,0.0,0.0,0.0,0.0
1292,53,0,0.0,0.0,0.0,0.0
1293,53,1,0.0,0.0,0.0,0.0
1294,53,2,0.0,0.0,0.0,0.0
1295,53,3,0.0,0.0,0.0,0.0
1296,53,4,0.0,0.0,0.0,0.0
1297,53,5,0.0,0.0,0.0,0.0
1298,53,6,0.0,0.0,0.0,0.0
1299,53,7,0.0,0.0,0.0,0.0
1300,53,8,0.0,0.0,0.0,0.0
1301,53,9,0.0,0.0,0.0,0.0
1302,53,10,0.0,0.0,0.0,0.0
1303,53,11,0.0,0.0,0.0,0.0
1304,53,12,0.0,0.0,0.0,0.0
1305,53,14,0.0,0.0,0.0,0.0
1306,53,15,0.0,0.0,0.0,0.0
1307,53,16,0.0,0.0,0.0,0.0
1308,53,17,0.0,0.0,0.0,0.0
1309,53,18,0.0,0.0,0.0,0.0
1310,53,21,0.0,0.0,0.0,0.0
1311,53,22,0.0,0.0,0.0,0.0
1312,54,0,0.0,0.0,0.0,0.0
1313,54,1,0.0,0.0,0.0,0.0
1314,54,2,0.0,0.0,0.0,0.0
1315,54,3,0.0,0.0,0.0,0.0
1316,54,4,0.0,0.0,0.0,0.0
1317,54,5,0.0,0.0,0.0,0.0
1318,54,6,0.0,0.0,0.0,0.0
1319,54,8,0.0,0.0,0.0,0.0
1320,54,9,0.0,0.0,0.0,0.0
1321,54,10,0.0,0.0,0.0,0.0
1322,54,11,0.0,0.0,0.0,0.0
1323,54,12,0.0,0.0,0.0,0.0
1324,54,13,0.0,0.0,0.0,0.0
1325,54,14,0.0,0.0,0.0,0.0
1326,54,15,0.0,0.0,0.0,0.0
1327,54,16,0.0,0.0,0.0,0.0
1328,54,18,0.0,0.0,0.0,0.0
1329,54,19,0.0,0.0,0.0,0.0
1330,54,20,0.0,0.0,0.0,0.0
1331,54,21,0.0,0.0,0.0,0.0
1332,54,22,0.0,0.0,0.0,0.0
1333,55,1,0.0,0.0,0.0,0.0
1334,55,2,0.0,0.0,0.0,0.0
1335,55,3,0.0,0.0,0.0,0.0
1336,55,4,0.0,0.0,0.0,0.0
1337,55,5,0.0,0.0,0.0,0.0
1338,55,6,0.0,0.0,0.0,0.0
1339,55,7,0.0,0.0,0.0,0.0
1340,55,8,0.0,0.0,0.0,0.0
1341,55,9,0.0,0.0,0.0,0.0
1342,55,10,0.0,0.0,0.0,0.0
1343,55,11,0.0,0.0,0.0,0.0
1344,55,12,0.0,0.0,0.0,0.0
1345,55,13,0.0,0.0,0.0,0.0
1346,55,14,0.0,0.0,0.0,0.0
1347,55,15,0.0,0.0,0.0,0.0
1348,55,17,0.0,0.0,0.0,0.0
1349,55,18,0.0,0.0,0.0,0.0
1350,55,19,0.0,0.0,0.0,0.0
1351,55,20,0.0,0.0,0.0,0.0
1352,55,21,0.0,0.0,0.0,0.0
1353,55,22,0.0,0.0,0.0,0.0
1354,55,23,0.0,0.0,0.0,0.0
1355,56,0,0.0,0.0,0.0,0.0
1356,56,1,0.0,0.0,0.0,0.0
1357,56,2,0.0,0.0,0.0,0.0
1358,56,3,0.0,0.0,0.0,0.0
1359,56,4,0.0,0.0,0.0,0.0
1360,56,6,0.0,0.0,0.0,0.0
1361,56,7,0.0,0.0,0.0,0.0
1362,56,10,0.0,0.0,0.0,0.0
1363,56,11,0.0,0.0,0.0,0.0
1364,56,12,0.0,0.0,0.0,0.0
1365,56,13,0.0,0.0,0.0,0.0
1366,56,14,0.0,0.0,0.0,0.0
1367,56,15,0.0,0.0,0.0,0.0
1368,56,16,0.0,0.0,0.0,0.0
1369,56,17,0.0,0.0,0.0,0.0
1370,56,18,0.0,0.0,0.0,0.0
1371,56,19,0.0,0.0,0.0,0.0
1372,56,20,0.0,0.0,0.0,0.0
1373,56,22,0.0,0.0,0.0,0.0
1374,56,23,0.0,0.0,0.0,0.0
1375,57,0,0.0,0.0,0.0,0.0
1376,57,1,0.0,0.0,0.0,0.0
1377,57,2,0.0,0.0,0.0,0.0
1378,57,3,0.0,0.0,0.0,0.0
1379,57,4,0.0,0.0,0.0,0.0
1380,57,5,0.0,0.0,0.0,0.0
1381,57,6,0.0,0.0,0.0,0.0
1382,57,7,0.0,0.0,0.0,0.0
1383,57,8,0.0,0.0,0.0,0.0
1384,57,10,0.0,0.0,0.0,0.0
1385,57,11,0.0,0.0,0.0,0.0
1386,57,12,0.0,0.0,0.0,0.0
1387,57,13,0.0,0.0,0.0,0.0
1388,57,14,0.0,0.0,0.0,0.0
1389,57,15,0.0,0.0,0.0,0.0
1390,57,16,0.0,0.0,0.0,0.0
1391,57,17,0.0,0.0,0.0,0.0
1392,57,18,0.0,0.0,0.0,0.0
1393,57,19,0.0,0.0,0.0,0.0
1394,57,20,0.0,0.0,0.0,0.0
1395,57,21,0.0,0.0,0.0,0.0
1396,57,23,0.0,0.0,0.0,0.0
1397,58,0,0.0,0.0,0.0,0.0
1398,58,1,0.0,0.0,0.0,0.0
1399,58,2,0.0,0.0,0.0,0.0
1400,58,3,0.0,0.0,0.0,0.0
1401,58,4,0.0,0.0,0.0,0.0
1402,58,5,0.0,0.0,0.0,0.0
1403,58,6,0.0,0.0,0.0,0.0
1404,58,7,0.0,0.0,0.0,0.0
1405,58,8,0.0,0.0,0.0,0.0
1406,58,9,0.0,0.0,0.0,0.0
1407,58,10,0.0,0.0,0.0,0.0
1408,58,11,0.0,0.0,0.0,0.0
1409,58,12,0.0,0.0,0.0,0.0
1410,58,14,0.0,0.0,0.0,0.0
1411,58,15,0.0,0.0,0.0,0.0
1412,58,16,0.0,0.0,0.0,0.0
1413,58,17,0.0,0.0,0.0,0.0
1414,58,18,0.0,0.0,0.0,0.0
1415,58,19,0.0,0.0,0.0,0.0
1416,58,20,0.0,0.0,0.0,0.0
1417,58,21,0.0,0.0,0.0,0.0
1418,58,22,0.0,0.0,0.0,0.0
1419,58,23,0.0,0.0,0.0,0.0
1420,59,0,0.0,0.0,0.0,0.0
1421,59,1,0.0,0.0,0.0,0.0
1422,59,2,0.0,0.0,0.0,0.0
1423,59,3,0.0,0.0,0.0,0.0
1424,59,4,0.0,0.0,0.0,0.0
1425,59,5,0.0,0.0,0.0,0.0
1426,59,6,0.0,0.0,0.0,0.0
1427,59,7,0.0,0.0,0.0,0.0
1428,59,8,0.0,0.0,0.0,0.0
1429,59,9,0.0,0.0,0.0,0.0
1430,59,10,0.0,0.0,0.0,0.0
1431,59,11,0.0,0.0,0.0,0.0
1432,59,12,0.0,0.0,0.0,0.0
1433,59,14,0.0,0.0,0.0,0.0
1434,59,16,0.0,0.0,0.0,0.0
1435,59,17,0.0,0.0,0.0,0.0
1436,59,18,0.0,0.0,0.0,0.0
1437,59,19,0.0,0.0,0.0,0.0
1438,59,20,0.0,0.0,0.0,0.0
1439,59,21,0.0,0.0,0.0,0.0
1440,59,23,0.0,0.0,0.0,0.0
